[{
    "equipwhs": "171",
    "equiptype": "A",
    "equipdesc": "AED DEFIBRILLAT",
    "ttlunits": "3",
    "ttlchecktoday": "0",
    "ttlpasstoday": "0",
    "ttlfailtoday": "0",
    "ttlnottoday": "3",
    "ttlpassed": "3",
    "ttlfailed": "0",
    "ttlinservice": "3",
    "ttloutservice": "0"
}, {
    "equipwhs": "171",
    "equiptype": "F",
    "equipdesc": "FORKLIFT",
    "ttlunits ": "65 ",
    "ttlchecktoday ": "1 ",
    "ttlpasstoday ": "0 ",
    "ttlfailtoday ": "1 ",
    "ttlnottoday ": "64 ",
    "ttlpassed": "64",
    "ttlfailed": "1",
    "ttlinservice": "64",
    "ttloutservice": "1"
}, {
    "equipwhs": "171",
    "equiptype": "P",
    "equipdesc": "EPJ (PLT JACK) ",
    "ttlunits": "76",
    "ttlchecktoday": "0",
    "ttlpasstoday": "0",
    "ttlfailtoday": "0",
    "ttlnottoday": "76",
    "ttlpassed": "76",
    "ttlfailed": "0",
    "ttlinservice": "76",
    "ttloutservice": "0"
}, {
    "equipwhs": "171",
    "equiptype": "S",
    "equipdesc": "SCRUBBER    ",
    "ttlunits ": "3 ",
    "ttlchecktoday ": "0 ",
    "ttlpasstoday ": "0 ",
    "ttlfailtoday ": "0 ",
    "ttlnottoday ": "3 ",
    "ttlpassed ": "3 ",
    "ttlfailed ": "0 ",
    "ttlinservice": "3",
    "ttloutservice": "0"
}, {
    "equipwhs": "171",
    "equiptype": "X",
    "equipdesc": "SCISSOR LIFT US",
    "ttlunits": "2",
    "ttlchecktoday": "0",
    "ttlpasstoday": "0",
    "ttlfailtoday": "0",
    "ttlnottoday": "2",
    "ttlpassed": "2",
    "ttlfailed": "0",
    "ttlinservice": "2",
    "ttloutservice": "0"
},
{
    "equipwhs": "171",
    "equiptype": " ",
    "equipdesc": "Total          ",
    "ttlunits": "149",
    "ttlchecktoday": "1",
    "ttlpasstoday": "190",
    "ttlfailtoday": "291",
    "ttlnottoday": "148",
    "ttlpassed": "148",
    "ttlfailed": "1",
    "ttlinservice": "148",
    "ttloutservice": "1"
}
]