[
	{
		"id": 5,
		"equip": "FORKLIFT",
		"equiptype": "F",
		"due": "Y/N/N/N/Y/Y/N/N/N/N/N/N/N/N",
		"outofservice": "N/N/Y/N/N/Y/N/N/N/N/N/N/N/N"
	},
	{
		"id": 6,
		"equip": "SCRUBBER",
		"equiptype": "S",
		"due": "Y/N/N/N/Y/N/Y/N/N/N/N/N/N/N",
		"outofservice": "N/N/Y/N/N/N/Y/N/N/N/N/N/N/N"
	},
	{
		"id": 7,
		"equip": "EPJ (PLT JACK)",
		"equiptype": "P",
		"due": "Y/N/N/N/Y/N/N/Y/N/N/N/N/N/N",
		"outofservice": "N/N/Y/N/N/N/N/Y/N/N/N/N/N/N"
	},
	{
		"id": 8,
		"equip": "Yard Tractors",
		"equiptype": "H",
		"due": "Y/N/N/N/Y/N/N/N/Y/N/N/N/N/N",
		"outofservice": "N/N/Y/N/N/N/N/N/Y/N/N/N/N/N"
	},
	{
		"id": 9,
		"equip": "AED DEFIBRILLAT",
		"equiptype": "A",
		"due": "Y/N/N/N/Y/N/N/N/N/Y/N/N/N/N",
		"outofservice": "N/N/Y/N/N/N/N/N/N/Y/N/N/N/N"
	},
	{
		"id": 10,
		"equip": "936 Steel",
		"equiptype": "L",
		"due": "Y/N/N/N/Y/N/N/N/N/N/Y/N/N/N",
		"outofservice": "N/N/Y/N/N/N/N/N/N/N/Y/N/N/N"
	},
	{
		"id": 11,
		"equip": "Scissor Lift",
		"equiptype": "X",
		"due": "Y/N/N/N/Y/N/N/N/N/N/N/Y/N/N",
		"outofservice": "N/N/Y/N/N/N/N/N/N/N/N/Y/N/N"
	},
	{
		"id": 12,
		"equip": "Scissor Lift (CA)",
		"equiptype": "Y",
		"due": "Y/N/N/N/Y/N/N/N/N/N/N/N/Y/N",
		"outofservice": "N/N/Y/N/N/N/N/N/N/N/N/N/Y/N"
	},
	{
		"id": 13,
		"equip": "Other",
		"equiptype": "O",
		"due": "Y/N/N/N/Y/N/N/N/N/N/N/N/N/Y",
		"outofservice": "N/N/Y/N/N/N/N/N/N/N/N/N/N/Y"
	}
]