[
    {
        "equipment": "EPJ (PLT JACK)",
        "particular" : "CHARGE CONDITION",
        "failed": 359
    },
    {
        "equipment": "EPJ (PLT JACK)",
        "particular" : "TIERS & WHEELS",
        "failed": 98
    },
    {
        "equipment": "EPJ (PLT JACK)",
        "particular" : "FORKS",
        "failed": 94
    },
    {
        "equipment": "EPJ (PLT JACK)",
        "particular" : "BATTERY LOCKING PLATES",
        "failed": 11
    },
    {
        "equipment": "EPJ (PLT JACK)",
        "particular" : "CHECK STEERING",
        "failed": 56
    },
    {
        "equipment": "SCRUBBER",
        "particular" : "BREAKS",
        "failed": 22
    },
    {
        "equipment": "SCRUBBER",
        "particular" : "PROPANE LEAKS",
        "failed": 2
    },
    {
        "equipment": "HYDROLIC OIL LEAKS",
        "particular" : "BREAKS",
        "failed": 1
    },
    {
        "equipment": "SCRUBBER",
        "particular" : "STEERING",
        "failed": 16
    },
    {
        "equipment": "SCRUBBER",
        "particular" : "ENGINE OIL AND WATER",
        "failed": 22
    },
    {
        "equipment": "SCRUBBER",
        "particular" : "TIERS & WHEEL",
        "failed": 22
    },
    {
        "equipment": "936 STEEL",
        "particular" : "STEEL1",
        "failed": 3
    },
    {
        "equipment": "EPJ (PLT JACK)",
        "particular" : "CHECK DIRECTIONAL REVERSE",
        "failed": 55
    },
    {
        "equipment": "EPJ (PLT JACK)",
        "particular" : "CHECK BREASK SCR & DEADMAN",
        "failed": 10
    },
    {
        "equipment": "FORKLIFT",
        "particular" : "TIERS & WHEELS",
        "failed": 15
    },
    {
        "equipment": "FORKLIFT",
        "particular" : "TILTS (AUXILLARY FUNCTIONS)",
        "failed": 9
    },
    {
        "equipment": "FORKLIFT",
        "particular" : "LIFT LOWER",
        "failed": 13
    },
    {
        "equipment": "FORKLIFT",
        "particular" : "FRONT END (MUST AND CARRIAGE)",
        "failed": 98
    },
    {
        "equipment": "FORKLIFT",
        "particular" : "DIRECTIONAL SPEED CONTROL(PLUGINS)",
        "failed": 68
    },
    {
        "equipment": "FORKLIFT",
        "particular" : "FORK LOCKING PINS",
        "failed": 97
    }
]