[{
	"equipwhs": "171",
	"equiptype": "A",
	"equiptypedesc": "AED DEFIBRILLAT",
	"equipunit": "AED2  ",
	"equipvin": "X14K719223       ",
	"equipmfg": "ZOLL           ",
	"equipmfgyear": "2015",
	"equiplastckdt": "2021-02-22",
	"equiplastcktm": "504",
	"equipadddate": "2015-02-05",
	"equipinoutsvc": "Y",
	"equipporf": "P"
}, {
	"equipwhs": "171",
	"equiptype": "A",
	"equiptypedesc": "AED DEFIBRILLAT",
	"equipunit": "AED3  ",
	"equipvin": "X14K719076       ",
	"equipmfg": "ZOLL           ",
	"equipmfgyear": "2015",
	"equiplastckdt": "2021-02-22",
	"equiplastcktm": "432",
	"equipadddate": "2015-04-02",
	"equipinoutsvc": "Y",
	"equipporf": "P"
}, {
	"equipwhs": "171",
	"equiptype": "A",
	"equiptypedesc": "AED DEFIBRILLAT",
	"equipunit": "AED4  ",
	"equipvin": "4                ",
	"equipmfg": "ZOLL           ",
	"equipmfgyear": "2019",
	"equiplastckdt": "2021-02-22",
	"equiplastcktm": "642",
	"equipadddate": "2019-09-20",
	"equipinoutsvc": "Y",
	"equipporf": "P"
}, {
	"equipwhs": "171",
	"equiptype": "F",
	"equiptypedesc": "FORKLIFT       ",
	"equipunit": "A2    ",
	"equipvin": "1A383318         ",
	"equipmfg": "               ",
	"equipmfgyear": "0",
	"equiplastckdt": "2021-02-22",
	"equiplastcktm": "504",
	"equipadddate": "2015-06-03",
	"equipinoutsvc": "Y",
	"equipporf": "P"
}, {
	"equipwhs": "171",
	"equiptype": "F",
	"equiptypedesc": "FORKLIFT       ",
	"equipunit": "DEMO 0",
	"equipvin": "F108V28772A      ",
	"equipmfg": "HYSTER         ",
	"equipmfgyear": "2003",
	"equiplastckdt": "2021-02-22",
	"equiplastcktm": "438",
	"equipadddate": "2017-01-30",
	"equipinoutsvc": "Y",
	"equipporf": "P"
}, {
	"equipwhs": "171",
	"equiptype": "F",
	"equiptypedesc": "FORKLIFT       ",
	"equipunit": "DEMO00",
	"equipvin": "A268N02765H      ",
	"equipmfg": "HYSTER         ",
	"equipmfgyear": "2010",
	"equiplastckdt": "2021-02-22",
	"equiplastcktm": "437",
	"equipadddate": "2018-04-23",
	"equipinoutsvc": "Y",
	"equipporf": "P"
}, {
	"equipwhs": "171",
	"equiptype": "F",
	"equiptypedesc": "FORKLIFT       ",
	"equipunit": "1     ",
	"equipvin": "A268N12888M      ",
	"equipmfg": "HYSTER         ",
	"equipmfgyear": "2014",
	"equiplastckdt": "2021-02-22",
	"equiplastcktm": "442",
	"equipadddate": "2015-06-09",
	"equipinoutsvc": "Y",
	"equipporf": "P"
}, {
	"equipwhs": "171",
	"equiptype": "F",
	"equiptypedesc": "FORKLIFT       ",
	"equipunit": "10    ",
	"equipvin": "A268N10486L      ",
	"equipmfg": "HYSTER         ",
	"equipmfgyear": "2013",
	"equiplastckdt": "2021-02-22",
	"equiplastcktm": "530",
	"equipadddate": "2015-06-09",
	"equipinoutsvc": "Y",
	"equipporf": "P"
}, {
	"equipwhs": "171",
	"equiptype": "F",
	"equiptypedesc": "FORKLIFT       ",
	"equipunit": "11    ",
	"equipvin": "A268N19967P      ",
	"equipmfg": "HYSTER         ",
	"equipmfgyear": "2016",
	"equiplastckdt": "2021-02-22",
	"equiplastcktm": "532",
	"equipadddate": "2016-11-17",
	"equipinoutsvc": "Y",
	"equipporf": "P"
}, {
	"equipwhs": "171",
	"equiptype": "F",
	"equiptypedesc": "FORKLIFT       ",
	"equipunit": "12    ",
	"equipvin": "A268N12071L      ",
	"equipmfg": "HYSTER         ",
	"equipmfgyear": "2014",
	"equiplastckdt": "2021-02-22",
	"equiplastcktm": "438",
	"equipadddate": "2015-06-09",
	"equipinoutsvc": "Y",
	"equipporf": "P"
}, {
	"equipwhs": "171",
	"equiptype": "F",
	"equiptypedesc": "FORKLIFT       ",
	"equipunit": "13    ",
	"equipvin": "A268N20594R      ",
	"equipmfg": "HYSTER         ",
	"equipmfgyear": "2017",
	"equiplastckdt": "2021-02-22",
	"equiplastcktm": "503",
	"equipadddate": "2017-02-14",
	"equipinoutsvc": "Y",
	"equipporf": "P"
}, {
	"equipwhs": "171",
	"equiptype": "F",
	"equiptypedesc": "FORKLIFT       ",
	"equipunit": "14    ",
	"equipvin": "A268N23834S      ",
	"equipmfg": "HYSTER         ",
	"equipmfgyear": "2018",
	"equiplastckdt": "2021-02-22",
	"equiplastcktm": "507",
	"equipadddate": "2020-02-06",
	"equipinoutsvc": "Y",
	"equipporf": "P"
}, {
	"equipwhs": "171",
	"equiptype": "F",
	"equiptypedesc": "FORKLIFT       ",
	"equipunit": "15    ",
	"equipvin": "A268N13349M      ",
	"equipmfg": "HYSTER         ",
	"equipmfgyear": "2015",
	"equiplastckdt": "2021-02-22",
	"equiplastcktm": "653",
	"equipadddate": "2018-09-24",
	"equipinoutsvc": "Y",
	"equipporf": "P"
}, {
	"equipwhs": "171",
	"equiptype": "F",
	"equiptypedesc": "FORKLIFT       ",
	"equipunit": "16    ",
	"equipvin": "A268N26520T      ",
	"equipmfg": "HYSTER         ",
	"equipmfgyear": "2019",
	"equiplastckdt": "2021-02-22",
	"equiplastcktm": "531",
	"equipadddate": "2019-03-26",
	"equipinoutsvc": "Y",
	"equipporf": "P"
}, {
	"equipwhs": "171",
	"equiptype": "F",
	"equiptypedesc": "FORKLIFT       ",
	"equipunit": "17    ",
	"equipvin": "A268N13252M      ",
	"equipmfg": "HYSTER         ",
	"equipmfgyear": "2014",
	"equiplastckdt": "2021-02-22",
	"equiplastcktm": "443",
	"equipadddate": "2015-06-09",
	"equipinoutsvc": "Y",
	"equipporf": "P"
}, {
	"equipwhs": "171",
	"equiptype": "F",
	"equiptypedesc": "FORKLIFT       ",
	"equipunit": "18    ",
	"equipvin": "A268N14808M      ",
	"equipmfg": "HYSTER         ",
	"equipmfgyear": "2015",
	"equiplastckdt": "2021-02-22",
	"equiplastcktm": "437",
	"equipadddate": "2017-07-11",
	"equipinoutsvc": "Y",
	"equipporf": "P"
}, {
	"equipwhs": "171",
	"equiptype": "F",
	"equiptypedesc": "FORKLIFT       ",
	"equipunit": "19    ",
	"equipvin": "A268N15165N      ",
	"equipmfg": "HYSTER         ",
	"equipmfgyear": "2015",
	"equiplastckdt": "2021-02-22",
	"equiplastcktm": "441",
	"equipadddate": "2020-03-18",
	"equipinoutsvc": "Y",
	"equipporf": "P"
}, {
	"equipwhs": "171",
	"equiptype": "F",
	"equiptypedesc": "FORKLIFT       ",
	"equipunit": "2     ",
	"equipvin": "A268N13969M      ",
	"equipmfg": "HYSTER         ",
	"equipmfgyear": "2014",
	"equiplastckdt": "2021-02-22",
	"equiplastcktm": "537",
	"equipadddate": "2017-03-24",
	"equipinoutsvc": "Y",
	"equipporf": "P"
}, {
	"equipwhs": "171",
	"equiptype": "F",
	"equiptypedesc": "FORKLIFT       ",
	"equipunit": "20    ",
	"equipvin": "A268N15163N      ",
	"equipmfg": "HYSTER         ",
	"equipmfgyear": "2015",
	"equiplastckdt": "2021-02-22",
	"equiplastcktm": "439",
	"equipadddate": "2019-03-25",
	"equipinoutsvc": "Y",
	"equipporf": "P"
}, {
	"equipwhs": "171",
	"equiptype": "F",
	"equiptypedesc": "FORKLIFT       ",
	"equipunit": "21    ",
	"equipvin": "A268N16748N      ",
	"equipmfg": "HYSTER         ",
	"equipmfgyear": "2016",
	"equiplastckdt": "2021-02-22",
	"equiplastcktm": "805",
	"equipadddate": "2018-04-12",
	"equipinoutsvc": "Y",
	"equipporf": "P"
}, {
	"equipwhs": "171",
	"equiptype": "F",
	"equiptypedesc": "FORKLIFT       ",
	"equipunit": "22    ",
	"equipvin": "A268N16763N      ",
	"equipmfg": "HYSTER         ",
	"equipmfgyear": "2016",
	"equiplastckdt": "2021-02-22",
	"equiplastcktm": "437",
	"equipadddate": "2019-02-06",
	"equipinoutsvc": "Y",
	"equipporf": "P"
}, {
	"equipwhs": "171",
	"equiptype": "F",
	"equiptypedesc": "FORKLIFT       ",
	"equipunit": "23    ",
	"equipvin": "A268N20616R      ",
	"equipmfg": "HYSTER         ",
	"equipmfgyear": "2017",
	"equiplastckdt": "2021-02-22",
	"equiplastcktm": "534",
	"equipadddate": "2017-02-14",
	"equipinoutsvc": "Y",
	"equipporf": "P"
}, {
	"equipwhs": "171",
	"equiptype": "F",
	"equiptypedesc": "FORKLIFT       ",
	"equipunit": "24    ",
	"equipvin": "A268N23070R      ",
	"equipmfg": "HYSTER         ",
	"equipmfgyear": "2018",
	"equiplastckdt": "2021-02-22",
	"equiplastcktm": "505",
	"equipadddate": "2018-04-23",
	"equipinoutsvc": "Y",
	"equipporf": "P"
}, {
	"equipwhs": "171",
	"equiptype": "F",
	"equiptypedesc": "FORKLIFT       ",
	"equipunit": "25    ",
	"equipvin": "A268N13968M      ",
	"equipmfg": "HYSTER         ",
	"equipmfgyear": "2014",
	"equiplastckdt": "2021-02-22",
	"equiplastcktm": "444",
	"equipadddate": "2016-08-03",
	"equipinoutsvc": "Y",
	"equipporf": "P"
}, {
	"equipwhs": "171",
	"equiptype": "F",
	"equiptypedesc": "FORKLIFT       ",
	"equipunit": "26    ",
	"equipvin": "A268N15508N      ",
	"equipmfg": "HYSTER         ",
	"equipmfgyear": "2015",
	"equiplastckdt": "2021-02-22",
	"equiplastcktm": "438",
	"equipadddate": "2015-06-09",
	"equipinoutsvc": "Y",
	"equipporf": "P"
}, {
	"equipwhs": "171",
	"equiptype": "F",
	"equiptypedesc": "FORKLIFT       ",
	"equipunit": "27    ",
	"equipvin": "A268N18603P      ",
	"equipmfg": "HYSTER         ",
	"equipmfgyear": "2016",
	"equiplastckdt": "2021-02-22",
	"equiplastcktm": "529",
	"equipadddate": "2016-08-12",
	"equipinoutsvc": "Y",
	"equipporf": "P"
}, {
	"equipwhs": "171",
	"equiptype": "F",
	"equiptypedesc": "FORKLIFT       ",
	"equipunit": "28    ",
	"equipvin": "A268N14814M      ",
	"equipmfg": "HYSTER         ",
	"equipmfgyear": "2015",
	"equiplastckdt": "2021-02-22",
	"equiplastcktm": "439",
	"equipadddate": "2020-10-21",
	"equipinoutsvc": "Y",
	"equipporf": "P"
}, {
	"equipwhs": "171",
	"equiptype": "F",
	"equiptypedesc": "FORKLIFT       ",
	"equipunit": "29    ",
	"equipvin": "A268N20621R      ",
	"equipmfg": "HYSTER         ",
	"equipmfgyear": "2017",
	"equiplastckdt": "2021-02-22",
	"equiplastcktm": "536",
	"equipadddate": "2017-02-17",
	"equipinoutsvc": "Y",
	"equipporf": "P"
}, {
	"equipwhs": "171",
	"equiptype": "F",
	"equiptypedesc": "FORKLIFT       ",
	"equipunit": "30    ",
	"equipvin": "A268N16750N      ",
	"equipmfg": "HYSTER         ",
	"equipmfgyear": "2016",
	"equiplastckdt": "2021-02-22",
	"equiplastcktm": "438",
	"equipadddate": "2018-05-30",
	"equipinoutsvc": "Y",
	"equipporf": "P"
}, {
	"equipwhs": "171",
	"equiptype": "F",
	"equiptypedesc": "FORKLIFT       ",
	"equipunit": "31    ",
	"equipvin": "A268N23837S      ",
	"equipmfg": "HYSTER         ",
	"equipmfgyear": "2018",
	"equiplastckdt": "2021-02-22",
	"equiplastcktm": "846",
	"equipadddate": "2018-07-16",
	"equipinoutsvc": "Y",
	"equipporf": "P"
}, {
	"equipwhs": "171",
	"equiptype": "F",
	"equiptypedesc": "FORKLIFT       ",
	"equipunit": "32    ",
	"equipvin": "A268N08361K      ",
	"equipmfg": "HYSTER         ",
	"equipmfgyear": "2012",
	"equiplastckdt": "2021-02-22",
	"equiplastcktm": "441",
	"equipadddate": "2015-06-09",
	"equipinoutsvc": "Y",
	"equipporf": "P"
}, {
	"equipwhs": "171",
	"equiptype": "F",
	"equiptypedesc": "FORKLIFT       ",
	"equipunit": "33    ",
	"equipvin": "A268N18600P      ",
	"equipmfg": "HYSTER         ",
	"equipmfgyear": "2016",
	"equiplastckdt": "2021-02-22",
	"equiplastcktm": "531",
	"equipadddate": "2016-07-20",
	"equipinoutsvc": "Y",
	"equipporf": "P"
}, {
	"equipwhs": "171",
	"equiptype": "F",
	"equiptypedesc": "FORKLIFT       ",
	"equipunit": "34    ",
	"equipvin": "A268N06078J      ",
	"equipmfg": "HYSTER         ",
	"equipmfgyear": "2011",
	"equiplastckdt": "2021-02-22",
	"equiplastcktm": "443",
	"equipadddate": "2019-03-29",
	"equipinoutsvc": "Y",
	"equipporf": "P"
}, {
	"equipwhs": "171",
	"equiptype": "F",
	"equiptypedesc": "FORKLIFT       ",
	"equipunit": "35    ",
	"equipvin": "A268N23838S      ",
	"equipmfg": "HYSTER         ",
	"equipmfgyear": "2018",
	"equiplastckdt": "2021-02-22",
	"equiplastcktm": "434",
	"equipadddate": "2018-07-16",
	"equipinoutsvc": "Y",
	"equipporf": "P"
}, {
	"equipwhs": "171",
	"equiptype": "F",
	"equiptypedesc": "FORKLIFT       ",
	"equipunit": "36    ",
	"equipvin": "A268N23040R      ",
	"equipmfg": "HYSTER         ",
	"equipmfgyear": "2018",
	"equiplastckdt": "2021-02-22",
	"equiplastcktm": "523",
	"equipadddate": "2018-04-06",
	"equipinoutsvc": "Y",
	"equipporf": "P"
}, {
	"equipwhs": "171",
	"equiptype": "F",
	"equiptypedesc": "FORKLIFT       ",
	"equipunit": "37    ",
	"equipvin": "A268N18574P      ",
	"equipmfg": "HYSTER         ",
	"equipmfgyear": "2016",
	"equiplastckdt": "2021-02-22",
	"equiplastcktm": "439",
	"equipadddate": "2017-11-08",
	"equipinoutsvc": "Y",
	"equipporf": "P"
}, {
	"equipwhs": "171",
	"equiptype": "F",
	"equiptypedesc": "FORKLIFT       ",
	"equipunit": "38    ",
	"equipvin": "A268N28485U      ",
	"equipmfg": "HYSTER         ",
	"equipmfgyear": "2020",
	"equiplastckdt": "2021-02-22",
	"equiplastcktm": "542",
	"equipadddate": "2020-03-18",
	"equipinoutsvc": "Y",
	"equipporf": "P"
}, {
	"equipwhs": "171",
	"equiptype": "F",
	"equiptypedesc": "FORKLIFT       ",
	"equipunit": "39    ",
	"equipvin": "A268N06086J      ",
	"equipmfg": "HYSTER         ",
	"equipmfgyear": "2011",
	"equiplastckdt": "2021-02-22",
	"equiplastcktm": "655",
	"equipadddate": "2015-06-09",
	"equipinoutsvc": "Y",
	"equipporf": "P"
}, {
	"equipwhs": "171",
	"equiptype": "F",
	"equiptypedesc": "FORKLIFT       ",
	"equipunit": "40    ",
	"equipvin": "A268N06085J      ",
	"equipmfg": "HYSTER         ",
	"equipmfgyear": "2011",
	"equiplastckdt": "2021-02-22",
	"equiplastcktm": "441",
	"equipadddate": "2017-10-25",
	"equipinoutsvc": "Y",
	"equipporf": "P"
}, {
	"equipwhs": "171",
	"equiptype": "F",
	"equiptypedesc": "FORKLIFT       ",
	"equipunit": "41    ",
	"equipvin": "A268N12069L      ",
	"equipmfg": "HYSTER         ",
	"equipmfgyear": "2014",
	"equiplastckdt": "2021-02-22",
	"equiplastcktm": "442",
	"equipadddate": "2015-04-08",
	"equipinoutsvc": "Y",
	"equipporf": "P"
}, {
	"equipwhs": "171",
	"equiptype": "F",
	"equiptypedesc": "FORKLIFT       ",
	"equipunit": "42    ",
	"equipvin": "A268N09635L      ",
	"equipmfg": "HYSTER         ",
	"equipmfgyear": "2013",
	"equiplastckdt": "2021-02-22",
	"equiplastcktm": "542",
	"equipadddate": "2015-06-09",
	"equipinoutsvc": "Y",
	"equipporf": "P"
}, {
	"equipwhs": "171",
	"equiptype": "F",
	"equiptypedesc": "FORKLIFT       ",
	"equipunit": "43    ",
	"equipvin": "A268N12889M      ",
	"equipmfg": "HYSTER         ",
	"equipmfgyear": "2014",
	"equiplastckdt": "2021-02-22",
	"equiplastcktm": "439",
	"equipadddate": "2016-11-21",
	"equipinoutsvc": "Y",
	"equipporf": "P"
}, {
	"equipwhs": "171",
	"equiptype": "F",
	"equiptypedesc": "FORKLIFT       ",
	"equipunit": "44    ",
	"equipvin": "A268N14156M      ",
	"equipmfg": "HYSTER         ",
	"equipmfgyear": "2014",
	"equiplastckdt": "2021-02-22",
	"equiplastcktm": "439",
	"equipadddate": "2015-06-09",
	"equipinoutsvc": "Y",
	"equipporf": "P"
}, {
	"equipwhs": "171",
	"equiptype": "F",
	"equiptypedesc": "FORKLIFT       ",
	"equipunit": "45    ",
	"equipvin": "A268N12883M      ",
	"equipmfg": "HYSTER         ",
	"equipmfgyear": "2014",
	"equiplastckdt": "2021-02-22",
	"equiplastcktm": "452",
	"equipadddate": "2015-06-09",
	"equipinoutsvc": "Y",
	"equipporf": "P"
}, {
	"equipwhs": "171",
	"equiptype": "F",
	"equiptypedesc": "FORKLIFT       ",
	"equipunit": "46    ",
	"equipvin": "A268N12050L      ",
	"equipmfg": "HYSTER         ",
	"equipmfgyear": "2014",
	"equiplastckdt": "2021-02-22",
	"equiplastcktm": "510",
	"equipadddate": "2015-06-09",
	"equipinoutsvc": "Y",
	"equipporf": "P"
}, {
	"equipwhs": "171",
	"equiptype": "F",
	"equiptypedesc": "FORKLIFT       ",
	"equipunit": "47    ",
	"equipvin": "A268N12076L      ",
	"equipmfg": "HYSTER         ",
	"equipmfgyear": "2014",
	"equiplastckdt": "2021-02-22",
	"equiplastcktm": "442",
	"equipadddate": "2015-06-09",
	"equipinoutsvc": "Y",
	"equipporf": "P"
}, {
	"equipwhs": "171",
	"equiptype": "F",
	"equiptypedesc": "FORKLIFT       ",
	"equipunit": "48    ",
	"equipvin": "A268N14812M      ",
	"equipmfg": "HYSTER         ",
	"equipmfgyear": "2015",
	"equiplastckdt": "2021-02-22",
	"equiplastcktm": "434",
	"equipadddate": "2017-11-22",
	"equipinoutsvc": "Y",
	"equipporf": "P"
}, {
	"equipwhs": "171",
	"equiptype": "F",
	"equiptypedesc": "FORKLIFT       ",
	"equipunit": "49    ",
	"equipvin": "A268N15800N      ",
	"equipmfg": "HYSTER         ",
	"equipmfgyear": "2015",
	"equiplastckdt": "2021-02-22",
	"equiplastcktm": "642",
	"equipadddate": "2015-06-09",
	"equipinoutsvc": "Y",
	"equipporf": "P"
}, {
	"equipwhs": "171",
	"equiptype": "F",
	"equiptypedesc": "FORKLIFT       ",
	"equipunit": "5     ",
	"equipvin": "A268N08394K      ",
	"equipmfg": "HYSTER         ",
	"equipmfgyear": "2012",
	"equiplastckdt": "2021-02-22",
	"equiplastcktm": "443",
	"equipadddate": "2015-06-09",
	"equipinoutsvc": "Y",
	"equipporf": "P"
}, {
	"equipwhs": "171",
	"equiptype": "F",
	"equiptypedesc": "FORKLIFT       ",
	"equipunit": "50    ",
	"equipvin": "A268N23839S      ",
	"equipmfg": "HYSTER         ",
	"equipmfgyear": "2018",
	"equiplastckdt": "2021-02-22",
	"equiplastcktm": "534",
	"equipadddate": "2020-01-03",
	"equipinoutsvc": "Y",
	"equipporf": "P"
}, {
	"equipwhs": "171",
	"equiptype": "F",
	"equiptypedesc": "FORKLIFT       ",
	"equipunit": "51    ",
	"equipvin": "A268N20620R      ",
	"equipmfg": "HYSTER         ",
	"equipmfgyear": "2017",
	"equiplastckdt": "2021-02-22",
	"equiplastcktm": "510",
	"equipadddate": "2018-04-12",
	"equipinoutsvc": "Y",
	"equipporf": "P"
}, {
	"equipwhs": "171",
	"equiptype": "F",
	"equiptypedesc": "FORKLIFT       ",
	"equipunit": "52    ",
	"equipvin": "A268N16749N      ",
	"equipmfg": "HYSTER         ",
	"equipmfgyear": "2016",
	"equiplastckdt": "2021-02-22",
	"equiplastcktm": "548",
	"equipadddate": "2017-02-20",
	"equipinoutsvc": "Y",
	"equipporf": "P"
}, {
	"equipwhs": "171",
	"equiptype": "F",
	"equiptypedesc": "FORKLIFT       ",
	"equipunit": "53    ",
	"equipvin": "A268N13143M      ",
	"equipmfg": "HYSTER         ",
	"equipmfgyear": "2014",
	"equiplastckdt": "2021-02-22",
	"equiplastcktm": "508",
	"equipadddate": "2014-11-03",
	"equipinoutsvc": "Y",
	"equipporf": "P"
}, {
	"equipwhs": "171",
	"equiptype": "F",
	"equiptypedesc": "FORKLIFT       ",
	"equipunit": "54    ",
	"equipvin": "A268N13151M      ",
	"equipmfg": "HYSTER         ",
	"equipmfgyear": "2019",
	"equiplastckdt": "2021-02-22",
	"equiplastcktm": "637",
	"equipadddate": "2020-09-15",
	"equipinoutsvc": "Y",
	"equipporf": "P"
}, {
	"equipwhs": "171",
	"equiptype": "F",
	"equiptypedesc": "FORKLIFT       ",
	"equipunit": "55    ",
	"equipvin": "A268N13149M      ",
	"equipmfg": "HYSTER         ",
	"equipmfgyear": "0",
	"equiplastckdt": "2021-02-22",
	"equiplastcktm": "509",
	"equipadddate": "2015-06-09",
	"equipinoutsvc": "Y",
	"equipporf": "P"
}, {
	"equipwhs": "171",
	"equiptype": "F",
	"equiptypedesc": "FORKLIFT       ",
	"equipunit": "56    ",
	"equipvin": "A268N13172M      ",
	"equipmfg": "HYSTER         ",
	"equipmfgyear": "2014",
	"equiplastckdt": "2021-02-22",
	"equiplastcktm": "546",
	"equipadddate": "2015-06-09",
	"equipinoutsvc": "Y",
	"equipporf": "P"
}, {
	"equipwhs": "171",
	"equiptype": "F",
	"equiptypedesc": "FORKLIFT       ",
	"equipunit": "57    ",
	"equipvin": "A268N13361M      ",
	"equipmfg": "HYSTER         ",
	"equipmfgyear": "2014",
	"equiplastckdt": "2021-02-22",
	"equiplastcktm": "512",
	"equipadddate": "2014-11-12",
	"equipinoutsvc": "Y",
	"equipporf": "P"
}, {
	"equipwhs": "171",
	"equiptype": "F",
	"equiptypedesc": "FORKLIFT       ",
	"equipunit": "58    ",
	"equipvin": "A268N13851M      ",
	"equipmfg": "HYSTER         ",
	"equipmfgyear": "2014",
	"equiplastckdt": "2021-02-22",
	"equiplastcktm": "436",
	"equipadddate": "2015-06-09",
	"equipinoutsvc": "Y",
	"equipporf": "P"
}, {
	"equipwhs": "171",
	"equiptype": "F",
	"equiptypedesc": "FORKLIFT       ",
	"equipunit": "59    ",
	"equipvin": "A268N14840M      ",
	"equipmfg": "HYSTER         ",
	"equipmfgyear": "2015",
	"equiplastckdt": "2021-02-22",
	"equiplastcktm": "536",
	"equipadddate": "2015-06-09",
	"equipinoutsvc": "Y",
	"equipporf": "P"
}, {
	"equipwhs": "171",
	"equiptype": "F",
	"equiptypedesc": "FORKLIFT       ",
	"equipunit": "6     ",
	"equipvin": "A268N12070L      ",
	"equipmfg": "HYSTER         ",
	"equipmfgyear": "2014",
	"equiplastckdt": "2021-02-22",
	"equiplastcktm": "2240",
	"equipadddate": "2017-01-19",
	"equipinoutsvc": "Y",
	"equipporf": "P"
}, {
	"equipwhs": "171",
	"equiptype": "F",
	"equiptypedesc": "FORKLIFT       ",
	"equipunit": "60    ",
	"equipvin": "A268N15499N      ",
	"equipmfg": "HYSTER         ",
	"equipmfgyear": "2015",
	"equiplastckdt": "2021-02-22",
	"equiplastcktm": "504",
	"equipadddate": "2019-05-17",
	"equipinoutsvc": "Y",
	"equipporf": "P"
}, {
	"equipwhs": "171",
	"equiptype": "F",
	"equiptypedesc": "FORKLIFT       ",
	"equipunit": "62    ",
	"equipvin": "A268N20618R      ",
	"equipmfg": "HYSTER         ",
	"equipmfgyear": "2017",
	"equiplastckdt": "2021-02-22",
	"equiplastcktm": "444",
	"equipadddate": "2017-11-30",
	"equipinoutsvc": "Y",
	"equipporf": "P"
}, {
	"equipwhs": "171",
	"equiptype": "F",
	"equiptypedesc": "FORKLIFT       ",
	"equipunit": "63    ",
	"equipvin": "A268N21750R      ",
	"equipmfg": "HYSTER         ",
	"equipmfgyear": "2017",
	"equiplastckdt": "2021-02-22",
	"equiplastcktm": "439",
	"equipadddate": "2018-04-12",
	"equipinoutsvc": "Y",
	"equipporf": "P"
}, {
	"equipwhs": "171",
	"equiptype": "F",
	"equiptypedesc": "FORKLIFT       ",
	"equipunit": "64    ",
	"equipvin": "C219N03572R      ",
	"equipmfg": "HYSTER         ",
	"equipmfgyear": "2017",
	"equiplastckdt": "2021-02-22",
	"equiplastcktm": "514",
	"equipadddate": "2019-03-08",
	"equipinoutsvc": "Y",
	"equipporf": "P"
}, {
	"equipwhs": "171",
	"equiptype": "F",
	"equiptypedesc": "FORKLIFT       ",
	"equipunit": "66    ",
	"equipvin": "A268N28440U      ",
	"equipmfg": "HYSTER         ",
	"equipmfgyear": "2020",
	"equiplastckdt": "2021-02-22",
	"equiplastcktm": "505",
	"equipadddate": "2020-02-28",
	"equipinoutsvc": "Y",
	"equipporf": "P"
}, {
	"equipwhs": "171",
	"equiptype": "F",
	"equiptypedesc": "FORKLIFT       ",
	"equipunit": "67    ",
	"equipvin": "A268N28441U      ",
	"equipmfg": "HYSTER         ",
	"equipmfgyear": "2020",
	"equiplastckdt": "2021-02-22",
	"equiplastcktm": "532",
	"equipadddate": "2020-02-28",
	"equipinoutsvc": "Y",
	"equipporf": "P"
}, {
	"equipwhs": "171",
	"equiptype": "F",
	"equiptypedesc": "FORKLIFT       ",
	"equipunit": "68    ",
	"equipvin": "A268N28434U      ",
	"equipmfg": "HYSTER         ",
	"equipmfgyear": "2020",
	"equiplastckdt": "2021-02-22",
	"equiplastcktm": "540",
	"equipadddate": "2020-02-28",
	"equipinoutsvc": "Y",
	"equipporf": "P"
}, {
	"equipwhs": "171",
	"equiptype": "F",
	"equiptypedesc": "FORKLIFT       ",
	"equipunit": "7     ",
	"equipvin": "A268N23833S      ",
	"equipmfg": "HYSTER         ",
	"equipmfgyear": "2018",
	"equiplastckdt": "2021-02-22",
	"equiplastcktm": "447",
	"equipadddate": "2019-11-26",
	"equipinoutsvc": "Y",
	"equipporf": "P"
}, {
	"equipwhs": "171",
	"equiptype": "F",
	"equiptypedesc": "FORKLIFT       ",
	"equipunit": "9     ",
	"equipvin": "A268N20622R      ",
	"equipmfg": "HYSTER         ",
	"equipmfgyear": "2017",
	"equiplastckdt": "2021-02-22",
	"equiplastcktm": "436",
	"equipadddate": "2017-03-03",
	"equipinoutsvc": "Y",
	"equipporf": "P"
}, {
	"equipwhs": "171",
	"equiptype": "P",
	"equiptypedesc": "EPJ (PLT JACK) ",
	"equipunit": "D1    ",
	"equipvin": "A244NO2320       ",
	"equipmfg": "HYSTER         ",
	"equipmfgyear": "2017",
	"equiplastckdt": "2021-02-22",
	"equiplastcktm": "436",
	"equipadddate": "2020-03-06",
	"equipinoutsvc": "Y",
	"equipporf": "P"
}, {
	"equipwhs": "171",
	"equiptype": "P",
	"equiptypedesc": "EPJ (PLT JACK) ",
	"equipunit": "D2    ",
	"equipvin": "A244NO2319R      ",
	"equipmfg": "HYSTER         ",
	"equipmfgyear": "2017",
	"equiplastckdt": "2021-02-22",
	"equiplastcktm": "436",
	"equipadddate": "2019-12-03",
	"equipinoutsvc": "Y",
	"equipporf": "P"
}, {
	"equipwhs": "171",
	"equiptype": "P",
	"equiptypedesc": "EPJ (PLT JACK) ",
	"equipunit": "1EPJ  ",
	"equipvin": "A244N02728T      ",
	"equipmfg": "HYSTER         ",
	"equipmfgyear": "2019",
	"equiplastckdt": "2021-02-22",
	"equiplastcktm": "455",
	"equipadddate": "2020-02-14",
	"equipinoutsvc": "Y",
	"equipporf": "P"
}, {
	"equipwhs": "171",
	"equiptype": "P",
	"equiptypedesc": "EPJ (PLT JACK) ",
	"equipunit": "10EPJ ",
	"equipvin": "A244N03179T      ",
	"equipmfg": " HYSTER        ",
	"equipmfgyear": "2019",
	"equiplastckdt": "2021-02-22",
	"equiplastcktm": "656",
	"equipadddate": "2020-02-14",
	"equipinoutsvc": "Y",
	"equipporf": "P"
}, {
	"equipwhs": "171",
	"equiptype": "P",
	"equiptypedesc": "EPJ (PLT JACK) ",
	"equipunit": "11EPJ ",
	"equipvin": "A244N03353T      ",
	"equipmfg": "HYSTER         ",
	"equipmfgyear": "2019",
	"equiplastckdt": "2021-02-22",
	"equiplastcktm": "441",
	"equipadddate": "2020-02-14",
	"equipinoutsvc": "Y",
	"equipporf": "P"
}, {
	"equipwhs": "171",
	"equiptype": "P",
	"equiptypedesc": "EPJ (PLT JACK) ",
	"equipunit": "12EPJ ",
	"equipvin": "A244N03358T      ",
	"equipmfg": "HYSTER         ",
	"equipmfgyear": "2019",
	"equiplastckdt": "2021-02-22",
	"equiplastcktm": "438",
	"equipadddate": "2020-02-14",
	"equipinoutsvc": "Y",
	"equipporf": "P"
}, {
	"equipwhs": "171",
	"equiptype": "P",
	"equiptypedesc": "EPJ (PLT JACK) ",
	"equipunit": "13EPJ ",
	"equipvin": "A244N02781T      ",
	"equipmfg": "HYSTER         ",
	"equipmfgyear": "2019",
	"equiplastckdt": "2021-02-22",
	"equiplastcktm": "444",
	"equipadddate": "2020-02-14",
	"equipinoutsvc": "Y",
	"equipporf": "P"
}, {
	"equipwhs": "171",
	"equiptype": "P",
	"equiptypedesc": "EPJ (PLT JACK) ",
	"equipunit": "14EPJ ",
	"equipvin": "A244N03351T      ",
	"equipmfg": "HYSTER         ",
	"equipmfgyear": "2019",
	"equiplastckdt": "2021-02-22",
	"equiplastcktm": "538",
	"equipadddate": "2020-02-14",
	"equipinoutsvc": "Y",
	"equipporf": "P"
}, {
	"equipwhs": "171",
	"equiptype": "P",
	"equiptypedesc": "EPJ (PLT JACK) ",
	"equipunit": "15EPJ ",
	"equipvin": "A244N03352T      ",
	"equipmfg": "HYSTER         ",
	"equipmfgyear": "2019",
	"equiplastckdt": "2021-02-22",
	"equiplastcktm": "445",
	"equipadddate": "2020-02-14",
	"equipinoutsvc": "Y",
	"equipporf": "P"
}, {
	"equipwhs": "171",
	"equiptype": "P",
	"equiptypedesc": "EPJ (PLT JACK) ",
	"equipunit": "16EPJ ",
	"equipvin": "6A299776         ",
	"equipmfg": "CROWN          ",
	"equipmfgyear": "2012",
	"equiplastckdt": "2021-02-22",
	"equiplastcktm": "445",
	"equipadddate": "2020-03-03",
	"equipinoutsvc": "Y",
	"equipporf": "P"
}, {
	"equipwhs": "171",
	"equiptype": "P",
	"equiptypedesc": "EPJ (PLT JACK) ",
	"equipunit": "17EPJ ",
	"equipvin": "A244N02722T      ",
	"equipmfg": "HYSTER         ",
	"equipmfgyear": "9999",
	"equiplastckdt": "2021-02-22",
	"equiplastcktm": "640",
	"equipadddate": "2020-02-14",
	"equipinoutsvc": "Y",
	"equipporf": "P"
}, {
	"equipwhs": "171",
	"equiptype": "P",
	"equiptypedesc": "EPJ (PLT JACK) ",
	"equipunit": "18EPJ ",
	"equipvin": "A244N02788T      ",
	"equipmfg": "HYSTER         ",
	"equipmfgyear": "2019",
	"equiplastckdt": "2021-02-22",
	"equiplastcktm": "440",
	"equipadddate": "2020-02-14",
	"equipinoutsvc": "Y",
	"equipporf": "P"
}, {
	"equipwhs": "171",
	"equiptype": "P",
	"equiptypedesc": "EPJ (PLT JACK) ",
	"equipunit": "2EPJ  ",
	"equipvin": "A244N01717M      ",
	"equipmfg": "HYSTER         ",
	"equipmfgyear": "2015",
	"equiplastckdt": "2021-02-22",
	"equiplastcktm": "448",
	"equipadddate": "2020-02-14",
	"equipinoutsvc": "Y",
	"equipporf": "P"
}, {
	"equipwhs": "171",
	"equiptype": "P",
	"equiptypedesc": "EPJ (PLT JACK) ",
	"equipunit": "20EPJ ",
	"equipvin": "A244N03490T      ",
	"equipmfg": "HYSTER         ",
	"equipmfgyear": "2019",
	"equiplastckdt": "2021-02-22",
	"equiplastcktm": "421",
	"equipadddate": "2020-02-14",
	"equipinoutsvc": "Y",
	"equipporf": "P"
}, {
	"equipwhs": "171",
	"equiptype": "P",
	"equiptypedesc": "EPJ (PLT JACK) ",
	"equipunit": "21EPJ ",
	"equipvin": "A244N02786T      ",
	"equipmfg": "HYSTER         ",
	"equipmfgyear": "2019",
	"equiplastckdt": "2021-02-22",
	"equiplastcktm": "442",
	"equipadddate": "2020-02-14",
	"equipinoutsvc": "Y",
	"equipporf": "P"
}, {
	"equipwhs": "171",
	"equiptype": "P",
	"equiptypedesc": "EPJ (PLT JACK) ",
	"equipunit": "23EPJ ",
	"equipvin": "A244N02619T      ",
	"equipmfg": "HYSTER         ",
	"equipmfgyear": "2019",
	"equiplastckdt": "2021-02-22",
	"equiplastcktm": "640",
	"equipadddate": "2020-02-14",
	"equipinoutsvc": "Y",
	"equipporf": "P"
}, {
	"equipwhs": "171",
	"equiptype": "P",
	"equiptypedesc": "EPJ (PLT JACK) ",
	"equipunit": "25EPJ ",
	"equipvin": "A244N03449T      ",
	"equipmfg": "HYSTER         ",
	"equipmfgyear": "2019",
	"equiplastckdt": "2021-02-22",
	"equiplastcktm": "640",
	"equipadddate": "2020-02-14",
	"equipinoutsvc": "Y",
	"equipporf": "P"
}, {
	"equipwhs": "171",
	"equiptype": "P",
	"equiptypedesc": "EPJ (PLT JACK) ",
	"equipunit": "26EPJ ",
	"equipvin": "2332R02332R      ",
	"equipmfg": "HYSTER         ",
	"equipmfgyear": "2017",
	"equiplastckdt": "2021-02-22",
	"equiplastcktm": "442",
	"equipadddate": "2020-02-14",
	"equipinoutsvc": "Y",
	"equipporf": "P"
}, {
	"equipwhs": "171",
	"equiptype": "P",
	"equiptypedesc": "EPJ (PLT JACK) ",
	"equipunit": "27EPJ ",
	"equipvin": "A244N02703T      ",
	"equipmfg": "HYSTER         ",
	"equipmfgyear": "2019",
	"equiplastckdt": "2021-02-22",
	"equiplastcktm": "442",
	"equipadddate": "2020-02-14",
	"equipinoutsvc": "Y",
	"equipporf": "P"
}, {
	"equipwhs": "171",
	"equiptype": "P",
	"equiptypedesc": "EPJ (PLT JACK) ",
	"equipunit": "28EPJ ",
	"equipvin": "A244N03457T      ",
	"equipmfg": "HYSTER         ",
	"equipmfgyear": "2019",
	"equiplastckdt": "2021-02-22",
	"equiplastcktm": "437",
	"equipadddate": "2020-02-14",
	"equipinoutsvc": "Y",
	"equipporf": "P"
}, {
	"equipwhs": "171",
	"equiptype": "P",
	"equiptypedesc": "EPJ (PLT JACK) ",
	"equipunit": "29EPJ ",
	"equipvin": "A244N02785T      ",
	"equipmfg": "HYSTER         ",
	"equipmfgyear": "2019",
	"equiplastckdt": "2021-02-22",
	"equiplastcktm": "655",
	"equipadddate": "2020-03-13",
	"equipinoutsvc": "Y",
	"equipporf": "P"
}, {
	"equipwhs": "171",
	"equiptype": "P",
	"equiptypedesc": "EPJ (PLT JACK) ",
	"equipunit": "3EPJ  ",
	"equipvin": "A244N02780T      ",
	"equipmfg": "HYSTER         ",
	"equipmfgyear": "2019",
	"equiplastckdt": "2021-02-22",
	"equiplastcktm": "654",
	"equipadddate": "2020-02-14",
	"equipinoutsvc": "Y",
	"equipporf": "P"
}, {
	"equipwhs": "171",
	"equiptype": "P",
	"equiptypedesc": "EPJ (PLT JACK) ",
	"equipunit": "30EPJ ",
	"equipvin": "A244N03357T      ",
	"equipmfg": "HYSTER         ",
	"equipmfgyear": "2019",
	"equiplastckdt": "2021-02-22",
	"equiplastcktm": "437",
	"equipadddate": "2020-02-14",
	"equipinoutsvc": "Y",
	"equipporf": "P"
}, {
	"equipwhs": "171",
	"equiptype": "P",
	"equiptypedesc": "EPJ (PLT JACK) ",
	"equipunit": "31EPJ ",
	"equipvin": "A244N02701T      ",
	"equipmfg": "HYSTER         ",
	"equipmfgyear": "2019",
	"equiplastckdt": "2021-02-22",
	"equiplastcktm": "636",
	"equipadddate": "2020-02-24",
	"equipinoutsvc": "Y",
	"equipporf": "P"
}, {
	"equipwhs": "171",
	"equiptype": "P",
	"equiptypedesc": "EPJ (PLT JACK) ",
	"equipunit": "32EPJ ",
	"equipvin": "A244N02620T      ",
	"equipmfg": "HYSTER         ",
	"equipmfgyear": "2019",
	"equiplastckdt": "2021-02-22",
	"equiplastcktm": "442",
	"equipadddate": "2020-02-24",
	"equipinoutsvc": "Y",
	"equipporf": "P"
}, {
	"equipwhs": "171",
	"equiptype": "P",
	"equiptypedesc": "EPJ (PLT JACK) ",
	"equipunit": "34EPJ ",
	"equipvin": "A244N02801T      ",
	"equipmfg": "HYSTER         ",
	"equipmfgyear": "2019",
	"equiplastckdt": "2021-02-22",
	"equiplastcktm": "434",
	"equipadddate": "2020-02-24",
	"equipinoutsvc": "Y",
	"equipporf": "P"
}, {
	"equipwhs": "171",
	"equiptype": "P",
	"equiptypedesc": "EPJ (PLT JACK) ",
	"equipunit": "35EPJ ",
	"equipvin": "A244N01775N      ",
	"equipmfg": "HYSTER         ",
	"equipmfgyear": "2015",
	"equiplastckdt": "2021-02-22",
	"equiplastcktm": "645",
	"equipadddate": "2020-02-24",
	"equipinoutsvc": "Y",
	"equipporf": "P"
}, {
	"equipwhs": "171",
	"equiptype": "P",
	"equiptypedesc": "EPJ (PLT JACK) ",
	"equipunit": "36EPJ ",
	"equipvin": "A244N01773N      ",
	"equipmfg": "HYSTER         ",
	"equipmfgyear": "2015",
	"equiplastckdt": "2021-02-22",
	"equiplastcktm": "700",
	"equipadddate": "2020-02-24",
	"equipinoutsvc": "Y",
	"equipporf": "P"
}, {
	"equipwhs": "171",
	"equiptype": "P",
	"equiptypedesc": "EPJ (PLT JACK) ",
	"equipunit": "37EPJ ",
	"equipvin": "A244N01788N      ",
	"equipmfg": "HYSTER         ",
	"equipmfgyear": "2015",
	"equiplastckdt": "2021-02-22",
	"equiplastcktm": "446",
	"equipadddate": "2020-02-24",
	"equipinoutsvc": "Y",
	"equipporf": "F"
}, {
	"equipwhs": "171",
	"equiptype": "P",
	"equiptypedesc": "EPJ (PLT JACK) ",
	"equipunit": "38EPJ ",
	"equipvin": "A244N01769N      ",
	"equipmfg": "HYSTER         ",
	"equipmfgyear": "2015",
	"equiplastckdt": "2021-02-22",
	"equiplastcktm": "447",
	"equipadddate": "2020-02-24",
	"equipinoutsvc": "Y",
	"equipporf": "P"
}, {
	"equipwhs": "171",
	"equiptype": "P",
	"equiptypedesc": "EPJ (PLT JACK) ",
	"equipunit": "39EPJ ",
	"equipvin": "A244N01774N      ",
	"equipmfg": "HYSTER         ",
	"equipmfgyear": "2015",
	"equiplastckdt": "2021-02-22",
	"equiplastcktm": "439",
	"equipadddate": "2015-06-23",
	"equipinoutsvc": "Y",
	"equipporf": "P"
}, {
	"equipwhs": "171",
	"equiptype": "P",
	"equiptypedesc": "EPJ (PLT JACK) ",
	"equipunit": "4EPJ  ",
	"equipvin": "A244N01657M      ",
	"equipmfg": "HYSTER         ",
	"equipmfgyear": "2015",
	"equiplastckdt": "2021-02-22",
	"equiplastcktm": "451",
	"equipadddate": "2020-02-14",
	"equipinoutsvc": "Y",
	"equipporf": "P"
}, {
	"equipwhs": "171",
	"equiptype": "P",
	"equiptypedesc": "EPJ (PLT JACK) ",
	"equipunit": "40EPJ ",
	"equipvin": "A244N01776N      ",
	"equipmfg": "HYSTER         ",
	"equipmfgyear": "2015",
	"equiplastckdt": "2021-02-22",
	"equiplastcktm": "656",
	"equipadddate": "2020-02-24",
	"equipinoutsvc": "Y",
	"equipporf": "P"
}, {
	"equipwhs": "171",
	"equiptype": "P",
	"equiptypedesc": "EPJ (PLT JACK) ",
	"equipunit": "41EPJ ",
	"equipvin": "A244N02718T      ",
	"equipmfg": "HYSTER         ",
	"equipmfgyear": "2019",
	"equiplastckdt": "2021-02-22",
	"equiplastcktm": "521",
	"equipadddate": "2020-02-24",
	"equipinoutsvc": "Y",
	"equipporf": "P"
}, {
	"equipwhs": "171",
	"equiptype": "P",
	"equiptypedesc": "EPJ (PLT JACK) ",
	"equipunit": "42EPJ ",
	"equipvin": "A244N01801N      ",
	"equipmfg": "HYSTER         ",
	"equipmfgyear": "2015",
	"equiplastckdt": "2021-02-18",
	"equiplastcktm": "658",
	"equipadddate": "2020-02-24",
	"equipinoutsvc": "Y",
	"equipporf": "P"
}, {
	"equipwhs": "171",
	"equiptype": "P",
	"equiptypedesc": "EPJ (PLT JACK) ",
	"equipunit": "43EPJ ",
	"equipvin": "A244N03399T      ",
	"equipmfg": "HYSTER         ",
	"equipmfgyear": "2019",
	"equiplastckdt": "2021-02-22",
	"equiplastcktm": "526",
	"equipadddate": "2020-02-24",
	"equipinoutsvc": "Y",
	"equipporf": "P"
}, {
	"equipwhs": "171",
	"equiptype": "P",
	"equiptypedesc": "EPJ (PLT JACK) ",
	"equipunit": "44EPJ ",
	"equipvin": "A244N03535T      ",
	"equipmfg": "HYSTER         ",
	"equipmfgyear": "2019",
	"equiplastckdt": "2021-02-22",
	"equiplastcktm": "645",
	"equipadddate": "2019-11-19",
	"equipinoutsvc": "Y",
	"equipporf": "P"
}, {
	"equipwhs": "171",
	"equiptype": "P",
	"equiptypedesc": "EPJ (PLT JACK) ",
	"equipunit": "45EPJ ",
	"equipvin": "A244N03569T      ",
	"equipmfg": "HYSTER         ",
	"equipmfgyear": "2016",
	"equiplastckdt": "2021-02-22",
	"equiplastcktm": "444",
	"equipadddate": "2020-02-24",
	"equipinoutsvc": "Y",
	"equipporf": "P"
}, {
	"equipwhs": "171",
	"equiptype": "P",
	"equiptypedesc": "EPJ (PLT JACK) ",
	"equipunit": "46EPJ ",
	"equipvin": "A244N01790N      ",
	"equipmfg": "HYSTER         ",
	"equipmfgyear": "2015",
	"equiplastckdt": "2021-02-22",
	"equiplastcktm": "446",
	"equipadddate": "2020-02-24",
	"equipinoutsvc": "Y",
	"equipporf": "P"
}, {
	"equipwhs": "171",
	"equiptype": "P",
	"equiptypedesc": "EPJ (PLT JACK) ",
	"equipunit": "5EPJ  ",
	"equipvin": "A244N01789N      ",
	"equipmfg": "HYSTER         ",
	"equipmfgyear": "2015",
	"equiplastckdt": "2021-02-22",
	"equiplastcktm": "643",
	"equipadddate": "2020-02-14",
	"equipinoutsvc": "Y",
	"equipporf": "P"
}, {
	"equipwhs": "171",
	"equiptype": "P",
	"equiptypedesc": "EPJ (PLT JACK) ",
	"equipunit": "51EPJ ",
	"equipvin": "A244NO3281T      ",
	"equipmfg": "HYSTER         ",
	"equipmfgyear": "2019",
	"equiplastckdt": "2021-02-22",
	"equiplastcktm": "420",
	"equipadddate": "2019-09-04",
	"equipinoutsvc": "Y",
	"equipporf": "P"
}, {
	"equipwhs": "171",
	"equiptype": "P",
	"equiptypedesc": "EPJ (PLT JACK) ",
	"equipunit": "52EPJ ",
	"equipvin": "A244NO3161       ",
	"equipmfg": "HYSTER         ",
	"equipmfgyear": "2019",
	"equiplastckdt": "2021-02-22",
	"equiplastcktm": "445",
	"equipadddate": "2019-09-04",
	"equipinoutsvc": "Y",
	"equipporf": "P"
}, {
	"equipwhs": "171",
	"equiptype": "P",
	"equiptypedesc": "EPJ (PLT JACK) ",
	"equipunit": "53EPJ ",
	"equipvin": "A244NO3282T      ",
	"equipmfg": "HYSTER         ",
	"equipmfgyear": "2019",
	"equiplastckdt": "2021-02-22",
	"equiplastcktm": "506",
	"equipadddate": "2019-09-04",
	"equipinoutsvc": "Y",
	"equipporf": "P"
}, {
	"equipwhs": "171",
	"equiptype": "P",
	"equiptypedesc": "EPJ (PLT JACK) ",
	"equipunit": "54EPJ ",
	"equipvin": "A244NO3169T      ",
	"equipmfg": "HYSTER         ",
	"equipmfgyear": "2019",
	"equiplastckdt": "2021-02-22",
	"equiplastcktm": "537",
	"equipadddate": "2019-10-14",
	"equipinoutsvc": "Y",
	"equipporf": "P"
}, {
	"equipwhs": "171",
	"equiptype": "P",
	"equiptypedesc": "EPJ (PLT JACK) ",
	"equipunit": "55EPJ ",
	"equipvin": "A244NO3174       ",
	"equipmfg": "HYSTER         ",
	"equipmfgyear": "2019",
	"equiplastckdt": "2021-02-22",
	"equiplastcktm": "656",
	"equipadddate": "2019-09-04",
	"equipinoutsvc": "Y",
	"equipporf": "P"
}, {
	"equipwhs": "171",
	"equiptype": "P",
	"equiptypedesc": "EPJ (PLT JACK) ",
	"equipunit": "56EPJ ",
	"equipvin": "A244NO3285T      ",
	"equipmfg": "HYSTER         ",
	"equipmfgyear": "2019",
	"equiplastckdt": "2021-02-22",
	"equiplastcktm": "644",
	"equipadddate": "2019-09-04",
	"equipinoutsvc": "Y",
	"equipporf": "P"
}, {
	"equipwhs": "171",
	"equiptype": "P",
	"equiptypedesc": "EPJ (PLT JACK) ",
	"equipunit": "57EPJ ",
	"equipvin": "A244NO3176T      ",
	"equipmfg": "HYSTER         ",
	"equipmfgyear": "2019",
	"equiplastckdt": "2021-02-22",
	"equiplastcktm": "634",
	"equipadddate": "2019-09-04",
	"equipinoutsvc": "Y",
	"equipporf": "P"
}, {
	"equipwhs": "171",
	"equiptype": "P",
	"equiptypedesc": "EPJ (PLT JACK) ",
	"equipunit": "58EPJ ",
	"equipvin": "A244N03491T      ",
	"equipmfg": "HYSTER         ",
	"equipmfgyear": "2019",
	"equiplastckdt": "2021-02-22",
	"equiplastcktm": "455",
	"equipadddate": "2020-01-29",
	"equipinoutsvc": "Y",
	"equipporf": "P"
}, {
	"equipwhs": "171",
	"equiptype": "P",
	"equiptypedesc": "EPJ (PLT JACK) ",
	"equipunit": "59EPJ ",
	"equipvin": "A244N01655M      ",
	"equipmfg": "HYSTER         ",
	"equipmfgyear": "2014",
	"equiplastckdt": "2021-02-22",
	"equiplastcktm": "545",
	"equipadddate": "2016-10-20",
	"equipinoutsvc": "Y",
	"equipporf": "P"
}, {
	"equipwhs": "171",
	"equiptype": "P",
	"equiptypedesc": "EPJ (PLT JACK) ",
	"equipunit": "6EPJ  ",
	"equipvin": "A244N02797T      ",
	"equipmfg": "HYSTER         ",
	"equipmfgyear": "2019",
	"equiplastckdt": "2021-02-22",
	"equiplastcktm": "637",
	"equipadddate": "2020-02-14",
	"equipinoutsvc": "Y",
	"equipporf": "P"
}, {
	"equipwhs": "171",
	"equiptype": "P",
	"equiptypedesc": "EPJ (PLT JACK) ",
	"equipunit": "60EPJ ",
	"equipvin": "A244N03448T      ",
	"equipmfg": "HYSTER         ",
	"equipmfgyear": "2019",
	"equiplastckdt": "2021-02-22",
	"equiplastcktm": "638",
	"equipadddate": "2019-11-19",
	"equipinoutsvc": "Y",
	"equipporf": "P"
}, {
	"equipwhs": "171",
	"equiptype": "P",
	"equiptypedesc": "EPJ (PLT JACK) ",
	"equipunit": "61EPJ ",
	"equipvin": "A244N01645M      ",
	"equipmfg": "HYSTER         ",
	"equipmfgyear": "2014",
	"equiplastckdt": "2021-02-22",
	"equiplastcktm": "643",
	"equipadddate": "2017-11-01",
	"equipinoutsvc": "Y",
	"equipporf": "P"
}, {
	"equipwhs": "171",
	"equiptype": "P",
	"equiptypedesc": "EPJ (PLT JACK) ",
	"equipunit": "62EPJ ",
	"equipvin": "A244N03560T      ",
	"equipmfg": "HYSTER         ",
	"equipmfgyear": "2019",
	"equiplastckdt": "2021-02-22",
	"equiplastcktm": "445",
	"equipadddate": "2020-01-29",
	"equipinoutsvc": "Y",
	"equipporf": "P"
}, {
	"equipwhs": "171",
	"equiptype": "P",
	"equiptypedesc": "EPJ (PLT JACK) ",
	"equipunit": "63EPJ ",
	"equipvin": "A244N03579T      ",
	"equipmfg": "HYSTER         ",
	"equipmfgyear": "2019",
	"equiplastckdt": "2021-02-22",
	"equiplastcktm": "445",
	"equipadddate": "2020-01-30",
	"equipinoutsvc": "Y",
	"equipporf": "P"
}, {
	"equipwhs": "171",
	"equiptype": "P",
	"equiptypedesc": "EPJ (PLT JACK) ",
	"equipunit": "64EPJ ",
	"equipvin": "A244N03593T      ",
	"equipmfg": "HYSTER         ",
	"equipmfgyear": "2019",
	"equiplastckdt": "2021-02-22",
	"equiplastcktm": "443",
	"equipadddate": "2020-01-30",
	"equipinoutsvc": "Y",
	"equipporf": "P"
}, {
	"equipwhs": "171",
	"equiptype": "P",
	"equiptypedesc": "EPJ (PLT JACK) ",
	"equipunit": "65EPJ ",
	"equipvin": "A244N03492T      ",
	"equipmfg": "HYSTER         ",
	"equipmfgyear": "2019",
	"equiplastckdt": "2021-02-22",
	"equiplastcktm": "642",
	"equipadddate": "2019-11-19",
	"equipinoutsvc": "Y",
	"equipporf": "P"
}, {
	"equipwhs": "171",
	"equiptype": "P",
	"equiptypedesc": "EPJ (PLT JACK) ",
	"equipunit": "66EPJ ",
	"equipvin": "A244N02241R      ",
	"equipmfg": "HYSTER         ",
	"equipmfgyear": "2017",
	"equiplastckdt": "2021-02-22",
	"equiplastcktm": "632",
	"equipadddate": "2020-01-29",
	"equipinoutsvc": "Y",
	"equipporf": "P"
}, {
	"equipwhs": "171",
	"equiptype": "P",
	"equiptypedesc": "EPJ (PLT JACK) ",
	"equipunit": "67EPJ ",
	"equipvin": "A244N02335R      ",
	"equipmfg": "HYSTER         ",
	"equipmfgyear": "2017",
	"equiplastckdt": "2021-02-22",
	"equiplastcktm": "442",
	"equipadddate": "2020-06-05",
	"equipinoutsvc": "Y",
	"equipporf": "P"
}, {
	"equipwhs": "171",
	"equiptype": "P",
	"equiptypedesc": "EPJ (PLT JACK) ",
	"equipunit": "68EPJ ",
	"equipvin": "A244N02334R      ",
	"equipmfg": "HYSTER         ",
	"equipmfgyear": "2017",
	"equiplastckdt": "2021-02-22",
	"equiplastcktm": "457",
	"equipadddate": "2020-01-29",
	"equipinoutsvc": "Y",
	"equipporf": "P"
}, {
	"equipwhs": "171",
	"equiptype": "P",
	"equiptypedesc": "EPJ (PLT JACK) ",
	"equipunit": "69EPJ ",
	"equipvin": "A244NO2706T      ",
	"equipmfg": "HYSTER         ",
	"equipmfgyear": "2019",
	"equiplastckdt": "2021-02-22",
	"equiplastcktm": "649",
	"equipadddate": "2019-03-29",
	"equipinoutsvc": "Y",
	"equipporf": "P"
}, {
	"equipwhs": "171",
	"equiptype": "P",
	"equiptypedesc": "EPJ (PLT JACK) ",
	"equipunit": "7EPJ  ",
	"equipvin": "A244N02527S      ",
	"equipmfg": "HYSTER         ",
	"equipmfgyear": "2019",
	"equiplastckdt": "2021-02-22",
	"equiplastcktm": "444",
	"equipadddate": "2020-02-14",
	"equipinoutsvc": "Y",
	"equipporf": "P"
}, {
	"equipwhs": "171",
	"equiptype": "P",
	"equiptypedesc": "EPJ (PLT JACK) ",
	"equipunit": "70EPJ ",
	"equipvin": "A24A2O2704T      ",
	"equipmfg": " HYSTER        ",
	"equipmfgyear": "2019",
	"equiplastckdt": "2021-02-22",
	"equiplastcktm": "714",
	"equipadddate": "2020-07-24",
	"equipinoutsvc": "Y",
	"equipporf": "P"
}, {
	"equipwhs": "171",
	"equiptype": "P",
	"equiptypedesc": "EPJ (PLT JACK) ",
	"equipunit": "71EPJ ",
	"equipvin": "A244NO2714T      ",
	"equipmfg": "HYSTER         ",
	"equipmfgyear": "2019",
	"equiplastckdt": "2021-02-22",
	"equiplastcktm": "447",
	"equipadddate": "2019-03-29",
	"equipinoutsvc": "Y",
	"equipporf": "P"
}, {
	"equipwhs": "171",
	"equiptype": "P",
	"equiptypedesc": "EPJ (PLT JACK) ",
	"equipunit": "72EPJ ",
	"equipvin": "A244NO2713T      ",
	"equipmfg": "  HYSTER       ",
	"equipmfgyear": "2019",
	"equiplastckdt": "2021-02-22",
	"equiplastcktm": "453",
	"equipadddate": "2019-03-29",
	"equipinoutsvc": "Y",
	"equipporf": "P"
}, {
	"equipwhs": "171",
	"equiptype": "P",
	"equiptypedesc": "EPJ (PLT JACK) ",
	"equipunit": "73EPJ ",
	"equipvin": "A244NO2715T      ",
	"equipmfg": " HYSTER        ",
	"equipmfgyear": "2019",
	"equiplastckdt": "2021-02-22",
	"equiplastcktm": "451",
	"equipadddate": "2019-03-29",
	"equipinoutsvc": "Y",
	"equipporf": "P"
}, {
	"equipwhs": "171",
	"equiptype": "P",
	"equiptypedesc": "EPJ (PLT JACK) ",
	"equipunit": "74EPJ ",
	"equipvin": "A244NO2729T      ",
	"equipmfg": " HYSTER        ",
	"equipmfgyear": "2019",
	"equiplastckdt": "2021-02-22",
	"equiplastcktm": "458",
	"equipadddate": "2020-01-29",
	"equipinoutsvc": "Y",
	"equipporf": "P"
}, {
	"equipwhs": "171",
	"equiptype": "P",
	"equiptypedesc": "EPJ (PLT JACK) ",
	"equipunit": "77EPJ ",
	"equipvin": "A244NO2597T      ",
	"equipmfg": " HYSTER        ",
	"equipmfgyear": "2019",
	"equiplastckdt": "2021-02-22",
	"equiplastcktm": "636",
	"equipadddate": "2019-06-17",
	"equipinoutsvc": "Y",
	"equipporf": "P"
}, {
	"equipwhs": "171",
	"equiptype": "P",
	"equiptypedesc": "EPJ (PLT JACK) ",
	"equipunit": "78EPJ ",
	"equipvin": "A244NO3159T      ",
	"equipmfg": "HYSTER         ",
	"equipmfgyear": "2019",
	"equiplastckdt": "2021-02-22",
	"equiplastcktm": "642",
	"equipadddate": "2020-01-29",
	"equipinoutsvc": "Y",
	"equipporf": "P"
}, {
	"equipwhs": "171",
	"equiptype": "P",
	"equiptypedesc": "EPJ (PLT JACK) ",
	"equipunit": "79EPJ ",
	"equipvin": "A244NO3222T      ",
	"equipmfg": "HYSTER         ",
	"equipmfgyear": "2019",
	"equiplastckdt": "2021-02-22",
	"equiplastcktm": "436",
	"equipadddate": "2020-01-29",
	"equipinoutsvc": "Y",
	"equipporf": "P"
}, {
	"equipwhs": "171",
	"equiptype": "P",
	"equiptypedesc": "EPJ (PLT JACK) ",
	"equipunit": "8EPJ  ",
	"equipvin": "A244N03360T      ",
	"equipmfg": "HYSTER         ",
	"equipmfgyear": "2019",
	"equiplastckdt": "2021-02-22",
	"equiplastcktm": "421",
	"equipadddate": "2020-02-14",
	"equipinoutsvc": "Y",
	"equipporf": "P"
}, {
	"equipwhs": "171",
	"equiptype": "P",
	"equiptypedesc": "EPJ (PLT JACK) ",
	"equipunit": "80EPJ ",
	"equipvin": "A244NO3225T      ",
	"equipmfg": "HYSTER         ",
	"equipmfgyear": "2019",
	"equiplastckdt": "2021-02-22",
	"equiplastcktm": "441",
	"equipadddate": "2019-09-04",
	"equipinoutsvc": "Y",
	"equipporf": "P"
}, {
	"equipwhs": "171",
	"equiptype": "P",
	"equiptypedesc": "EPJ (PLT JACK) ",
	"equipunit": "81EPJ ",
	"equipvin": "A244NO3230T      ",
	"equipmfg": "HYSTER         ",
	"equipmfgyear": "2019",
	"equiplastckdt": "2021-02-22",
	"equiplastcktm": "453",
	"equipadddate": "2019-09-04",
	"equipinoutsvc": "Y",
	"equipporf": "P"
}, {
	"equipwhs": "171",
	"equiptype": "P",
	"equiptypedesc": "EPJ (PLT JACK) ",
	"equipunit": "82EPJ ",
	"equipvin": "A244NO3229T      ",
	"equipmfg": "HYSTER         ",
	"equipmfgyear": "2019",
	"equiplastckdt": "2021-02-22",
	"equiplastcktm": "450",
	"equipadddate": "2019-09-04",
	"equipinoutsvc": "Y",
	"equipporf": "P"
}, {
	"equipwhs": "171",
	"equiptype": "P",
	"equiptypedesc": "EPJ (PLT JACK) ",
	"equipunit": "83EPJ ",
	"equipvin": "A244NO3227T      ",
	"equipmfg": "HYSTER         ",
	"equipmfgyear": "2019",
	"equiplastckdt": "2021-02-22",
	"equiplastcktm": "446",
	"equipadddate": "2019-09-04",
	"equipinoutsvc": "Y",
	"equipporf": "P"
}, {
	"equipwhs": "171",
	"equiptype": "P",
	"equiptypedesc": "EPJ (PLT JACK) ",
	"equipunit": "84EPJ ",
	"equipvin": "A244NO3231T      ",
	"equipmfg": "HYSTER         ",
	"equipmfgyear": "2019",
	"equiplastckdt": "2021-02-22",
	"equiplastcktm": "441",
	"equipadddate": "2019-09-04",
	"equipinoutsvc": "Y",
	"equipporf": "P"
}, {
	"equipwhs": "171",
	"equiptype": "P",
	"equiptypedesc": "EPJ (PLT JACK) ",
	"equipunit": "9EPJ  ",
	"equipvin": "A244N02779T      ",
	"equipmfg": "HYSTER         ",
	"equipmfgyear": "2019",
	"equiplastckdt": "2021-02-22",
	"equiplastcktm": "447",
	"equipadddate": "2020-02-14",
	"equipinoutsvc": "Y",
	"equipporf": "P"
}, {
	"equipwhs": "171",
	"equiptype": "S",
	"equiptypedesc": "SCRUBBER       ",
	"equipunit": "M17 1 ",
	"equipvin": "M1711194         ",
	"equipmfg": "   TENANT      ",
	"equipmfgyear": "2019",
	"equiplastckdt": "2021-02-22",
	"equiplastcktm": "435",
	"equipadddate": "2019-10-23",
	"equipinoutsvc": "Y",
	"equipporf": "P"
}, {
	"equipwhs": "171",
	"equiptype": "S",
	"equiptypedesc": "SCRUBBER       ",
	"equipunit": "M17 2 ",
	"equipvin": "M1712035         ",
	"equipmfg": "TENANT         ",
	"equipmfgyear": "2020",
	"equiplastckdt": "2021-02-22",
	"equiplastcktm": "435",
	"equipadddate": "2020-01-08",
	"equipinoutsvc": "Y",
	"equipporf": "P"
}, {
	"equipwhs": "171",
	"equiptype": "S",
	"equiptypedesc": "SCRUBBER       ",
	"equipunit": "M17 3 ",
	"equipvin": "M1712036         ",
	"equipmfg": "TENANT         ",
	"equipmfgyear": "2020",
	"equiplastckdt": "2021-02-22",
	"equiplastcktm": "436",
	"equipadddate": "2020-01-08",
	"equipinoutsvc": "Y",
	"equipporf": "P"
}, {
	"equipwhs": "171",
	"equiptype": "X",
	"equiptypedesc": "SCISSOR LIFT US",
	"equipunit": "SL1   ",
	"equipvin": "70040035         ",
	"equipmfg": "SKYJACK        ",
	"equipmfgyear": "2019",
	"equiplastckdt": "2021-02-22",
	"equiplastcktm": "425",
	"equipadddate": "2019-04-17",
	"equipinoutsvc": "Y",
	"equipporf": "P"
}]